{
  "wiener": {
    "r2_mean": 0.06861324810683808,
    "r2_std": 0.15752174280110084
  },
  "lstm": {
    "r2_mean": 0.9050005674362183,
    "r2_std": 0.034532126039266586
  },
  "gru": {
    "r2_mean": 0.9197272062301636,
    "r2_std": 0.026543954387307167
  }
}
